[
    {
        "id": 1,
        "title": "带证件照的简历模板",
        "thumbnail": "https://s3.qiufeng.blue/blog/1618592252808.jpg",
        "template": "\n    \n# 秋风 - 前端工程师\n\n<img\tsrc=\"https://s3.qiufeng.blue/muji/muji-zhengjian.jpg\" width =\"100\" style=\"position: absolute;right: 50px;\">\n\n::: left\n\n浙江科技学院 | 信息与计算科学 | 本科 | 2018年毕业 | 党员\n\n[icon:blog https://qiufeng.blue](https://qiufeng.blue)\n\n[icon:github https://github.com/hua1995116](https://github.com/hua1995116)\n\n[icon:email qiufenghyf@163.com](mailto:qiufenghyf@163.com)\n\nicon:weixin qiufengblue\n\n:::\n\n::: right\n\n\n:::\n\n## 介绍\n\n于2015年开始接触前端，喜欢编码，有Geek精神，对代码有洁癖，喜欢接触前沿技术，爱折腾。\n\n获得省、国家级竞赛奖项9项，(包含浙江省大学生多媒体竞赛一等奖1项)。\n  \n主持参与省、国家级项目4项；发表论文4篇，其中2篇EI索引。\n\n## 工作\n\n### 美团（2018.7-至今）\n\n努力打工中...\n\n### 杭州兑吧网络有限公司 - 实习 （2018.3-2018.7）\n`工程化` `基建搭建`\n\n前端架构组\n\n- 前端错误监控系统(基建)(负责人) 接入量pv:3000w\n  - web端js-sdk开发,无侵入式接入,压缩后仅2kb。\n  - 收集端Node开发,分布式存储日志。\n  - 阿里云日志服务分析,以及常用的数据分析。\n  - echart搭建可视化平台。\n- 前端性能监控系统(负责人) 接入pv: 1000w\n  - web端js-sdk开发,支持自定义上报以及自动上报,无侵入式。\n  - 收集端Node开发,Elasticsearch集群存储日志。\n  - Elasticsearch的Node模块开发，封装按时间维度的查询聚合模块。\n  - 可视化平台,利用redis缓存优化查询,淘汰算法共同协作。\n- 落地页截图(Node项目)\n  - 利用puppeteer开发截图。\n  - 利用clustor多线程开发,速度从原来60分钟提高至8分钟，提高约7倍（300张截图）。\n  - 开发自定义队列模式,避免Node端丢失请求。\n- webpack插件(webpack-plugin-inner-script)地址\n  - 自动将外链形式改写成内敛形式。\n\n### 网易 - 实习 (2017.11-2018.3)\n信息技术部\n\n`业务开发` `基建搭建`\n\n- 前端监控系统\n  - 客户端监控载体端以及数据脚本开发\n  - 基于highcharts的可视化图形界面开发\n  - 平台的性能统计模块以及告警模块开发\n  - 高并发下的redis设计以及错误信息识别过滤处理\n- 内网准入系统\n  - 采用TypeScript+ES6/7+React开发\n  - 基本多层级树形结构的黑名单/白名单控制组件\n\n### 51信用卡 - 实习(2017.6-2017.11)\n金融产品组\n\n- 开发维护产品51零用钱,h5端以及微信端,日活跃用户为20w+\n- 微信端活动--黄金金挖矿工,吸粉2.5w+,活动期间日活跃用户1000+。\n- 性能优化以及体验优化的开发。首屏优化，70%的用户1.5s内进入。\n- 基于Vue的下拉刷新和图片懒加载组件开发\n\n## 项目\n\n### 实时聊天项目(webchat)\n`Vue2.0` `Websocket` `Node.JS` `MongoDB`\n\nGithub地址：[https://github.com/hua1995116/webchat](https://github.com/hua1995116/webchat)（聊天室移动端,注册用户7000+,star 1000+）\n  \n负责前端构建,服务器架构,后端开发\n  \n- 经历过3次重构，注重性能优化与体验,在2.0版本，打开首页速度提高1倍。\n- 采用了ES6/ES7的语法，采用axios请求统一处理\n- 基于localStorage的缓存组件开发，可以设置有效时长，适用于Webapp\n- 开发Loading，Alert，Confirm等组件\n- 拥有日志系统以及消息的RSA算法加密\n- 基于redis的请求监控，过滤恶意请求\n\n\n## 技能\n### Web基础\n\n- 熟练掌握HTML5/CSS3,响应式布局和移动端开发\n- 了解ES6/ES7,Webpack\n- 有Antd Design,Element UI,Muse UI搭建项目经验\n- 了解Hybrid开发以及Electron桌面开发,liunx服务器搭建经验,Nginx配置\n- Mac开发用户，熟悉Git进行团队协作，对PS有一定基础\n\n### 前端框架\n- Vue开发过大型的应用,了解Vue原理与技术栈\n- React以及React相关技术栈\n### 后端相关\n- 开发Node监控平台中间件\n- 了解常用的Node模块\n- 小型Node框架的搭建\n\n### 数据库\n- MongoDB\n- Redis\n    ",
        "author": "秋风",
        "avatar": "http://thirdwx.qlogo.cn/mmopen/AaXu8jcgbEIwqMs22mDMDFlgwdGAQJR9DbX4PDMmSVqOSoJ2aibQXibHy5U9DOcPUfSicrYIFfqEX7EKwxZjKrwfHay3HQDTHLl/132",
        "theme": "blue",
        "collect": 9999,
        "updateTime": 1586908800000
    },
    {
        "id": 2,
        "title": "带github概览简历模板",
        "thumbnail": "https://s3.qiufeng.blue/blog/1618592839099.jpg",
        "template": "# 秋风 - 前端工程师\n\n::: left\n\n<img  style=\"margin-left: 30px\" src=\"https://github-readme-stats.vercel.app/api?username=hua1995116&bg_color=00000000&hide_title=false&disable_animations=true&hide_border=true&title_color=ffffff&hide_border=true&text_color=fff&show_icons=true&icon_color=79ff97\" />\n:::\n\n::: right\n[icon:blog https://qiufeng.blue](https://qiufeng.blue)\n\n[icon:github https://github.com/hua1995116](https://github.com/hua1995116)\n\n[icon:juejin 掘金](https://juejin.cn/user/923245497557111) \n\n[icon:email qiufenghyf@163.com](mailto:qiufenghyf@163.com)\n\nicon:weixin qiufengblue\n\n:::\n\n## 介绍\n\n于2015年开始接触前端，喜欢编码，有Geek精神，对代码有洁癖，喜欢接触前沿技术，爱折腾，爱开源。\n\n获得省、国家级竞赛奖项9项，(包含浙江省大学生多媒体竞赛一等奖1项)。\n  \n主持参与省、国家级项目4项；发表论文4篇，其中2篇EI索引。\n## 工作\n### 美团（2018.7-至今）\n努力打工中...\n### 杭州兑吧网络有限公司 - 实习 （2018.3-2018.7）\n`工程化` `基建搭建` `工程化` `基建搭建` `工程化` `基建搭建` `工程化` `基建搭建` `工程化` `基建搭建`\n\n前端架构组\n- 前端错误监控系统(基建)(负责人) 接入量pv:3000w\n  - web端js-sdk开发,无侵入式接入,压缩后仅2kb。\n  - 收集端Node开发,分布式存储日志。\n  - 阿里云日志服务分析,以及常用的数据分析。\n  - echart搭建可视化平台。\n- 前端性能监控系统(负责人) 接入pv: 1000w\n  - web端js-sdk开发,支持自定义上报以及自动上报,无侵入式。\n  - 收集端Node开发,Elasticsearch集群存储日志。\n  - Elasticsearch的Node模块开发，封装按时间维度的查询聚合模块。\n  - 可视化平台,利用redis缓存优化查询,淘汰算法共同协作。\n- 落地页截图(Node项目)\n  - 利用puppeteer开发截图。\n  - 利用clustor多线程开发,速度从原来60分钟提高至8分钟，提高约7倍（300张截图）。\n  - 开发自定义队列模式,避免Node端丢失请求。\n\n\n### 网易 - 实习 (2017.11-2018.3)\n信息技术部\n\n`业务开发` `基建搭建`\n\n- 前端监控系统\n  - 客户端监控载体端以及数据脚本开发\n  - 基于highcharts的可视化图形界面开发\n  - 平台的性能统计模块以及告警模块开发\n  - 高并发下的redis设计以及错误信息识别过滤处理\n- 内网准入系统\n  - 采用TypeScript+ES6/7+React开发\n  - 基本多层级树形结构的黑名单/白名单控制组件\n\n### 51信用卡 - 实习(2017.6-2017.11)\n金融产品组\n\n- 开发维护产品51零用钱,h5端以及微信端,日活跃用户为20w+\n- 微信端活动--黄金金挖矿工,吸粉2.5w+,活动期间日活跃用户1000+。\n- 性能优化以及体验优化的开发。首屏优化，70%的用户1.5s内进入。\n- 基于Vue的下拉刷新和图片懒加载组件开发\n\n## 项目\n\n### 实时聊天项目(webchat)\n`Vue2.0` `Websocket` `Node.JS` `MongoDB`\n\nGithub地址：[https://github.com/hua1995116/webchat](https://github.com/hua1995116/webchat)（聊天室移动端，注册用户超过7000+，star将近1k）\n  \n负责前端构建,服务器架构,后端开发\n  \n- 经历过3次重构，注重性能优化与体验,在2.0版本，打开首页速度提高1倍。\n- 采用了ES6/ES7的语法，采用axios请求统一处理\n- 基于localStorage的缓存组件开发，可以设置有效时长，适用于Webapp\n- 开发Loading，Alert，Confirm等组件\n- 拥有日志系统以及消息的RSA算法加密\n- 基于redis的请求监控，过滤恶意请求\n\n\n\n## 技能\n### Web基础\n\n- 熟练掌握HTML5/CSS3,响应式布局和移动端开发\n- 了解ES6/ES7,Webpack\n- 有Antd Design,Element UI,Muse UI搭建项目经验\n- 了解Hybrid开发以及Electron桌面开发,liunx服务器搭建经验,Nginx配置\n- Mac开发用户，熟悉Git进行团队协作，对PS有一定基础\n\n### 前端框架\n- Vue开发过大型的应用,了解Vue原理与技术栈\n- React以及React相关技术栈\n### 后端相关\n- 开发Node监控平台中间件\n- 了解常用的Node模块\n- 小型Node框架的搭建\n\n### 数据库\n- MongoDB\n- Redis\n\n",
        "author": "秋风",
        "avatar": "http://thirdwx.qlogo.cn/mmopen/AaXu8jcgbEIwqMs22mDMDFlgwdGAQJR9DbX4PDMmSVqOSoJ2aibQXibHy5U9DOcPUfSicrYIFfqEX7EKwxZjKrwfHay3HQDTHLl/132",
        "theme": "default",
        "collect": 9999,
        "updateTime": 1586908800000
    }
]